name;id
Santiago;1914
Francisco;1772
João;1708
Afonso;1479
Rodrigo;1420
Martim;1334
Tomás;1257
Duarte;1220
Miguel;1201
Gabriel;1182
Lourenço;1115
Gonçalo;1070
Dinis;1034
Guilherme;1008
Pedro;996
Salvador;907
Rafael;899
Lucas;893
Tiago;855
Gustavo;795
Diogo;767
Vicente;718
José;703
David;626
Mateus;618
Simão;596
António;532
Diego;532
Manuel;529
Henrique;509
Daniel;472
Vasco;456
Bernardo;446
Enzo;413
André;399
Leonardo;397
Luís;317
Isaac;316
Eduardo;288
Alexandre;260
Kevin;234
Matias;232
Leandro;209
Filipe;203
Xavier;184
Rúben;183
Samuel;173
Ricardo;168
Artur;165
Valentim;162
Frederico;153
Lorenzo;145
Bryan;139
Bruno;138
Nuno;132
Benjamim;130
Carlos;128
Sebastião;123
Rui;119
Davi;108
Hugo;106
Noah;98
Joaquim;85
Mário;80
Tomé;80
Fábio;70
Paulo;68
Manel;67
Renato;66
Jorge;65
Jaime;63
Marco;61
Ângelo;57
Micael;55
Liam;53
Ivan;52
Matheus;52
William;50
Gaspar;49
Cristiano;48
Luca;46
Jonathan;46
Sérgio;43
Gil;43
Ivo;41
Brian;39
Arthur;39
Christian;39
Vítor;38
Yuri;37
Fernando;36
Dilan;36
Romeu;36
Caio;35
Isac;34
Emanuel;34
Sandro;34
Igor;33
Moisés;33
Mauro;31
César;31
Josué;31
Edgar;31
Elias;31
Victor;30
Joel;30
Alex;28
Telmo;28
Denis;27
Marcelo;27
Adrien;27
Álvaro;27
Dylan;27
Raúl;27
Muhammad;26
Nelson;26
Dário;26
Oliver;26
Thiago;26
Ismael;25
Márcio;24
Ian;24
Lisandro;24
Erik;23
Cláudio;23
Heitor;23
Martinho;23
Leo;22
Jonas;22
Wilson;22
Júlio;21
Caetano;21
Benjamin;21
Adriano;21
Raphael;21
Augusto;21
Martin;20
Marcos;20
Eric;20
Flávio;20
Mikael;18
Erick;18
Jason;18
James;18
Danilo;17
Adam;17
Levi;16
Mateo;16
Kelvin;16
Nicolas;16
Sebastian;16
Cauã;16
Thomas;15
Isaque;15
Misael;15
Alberto;15
Israel;15
Edson;15
Luan;15
Lukas;15
Mark;15
Ruben;14
Adriel;14
Jesus;14
Domingos;14
Denzel;13
Apolo;13
Ary;13
Alan;13
Nicolau;13
Alfredo;13
Kévim;12
Axel;12
Patrick;12
Giovani;12
Gerson;12
Aron;12
Luis;12
Leonel;12
Wesley;11
Ari;11
Roberto;11
Hélder;11
Vitor;11
Fausto;11
Joshua;11
Gael;11
Adonai;11
Henry;11
Cristóvão;10
Nathan;10
Rogério;10
Caleb;10
Fabrício;10
Valentino;10
Noé;10
Luka;10
Armando;10
Stefan;10
Bartolomeu;10
Anthony;10
Adrian;10
Samir;10
Ravi;9
Derick;9
Ryan;9
Luciano;9
Estêvão;9
Theo;9
Cristian;9
Anderson;9
Davide;9
Abel;9
Ezequiel;9
Nataniel;9
Lucca;9
Dominic;9
Théo;9
Alexander;8
Isaías;8
Lopo;8
Marcus;8
Maxim;8
Iúri;8
Diniz;8
Amadeu;8
Oscar;8
Haniel;8
Lázaro;8
Ulisses;8
Léo;8
Alexandru;8
Raul;8
Jessé;7
Max;7
Steven;7
Ernesto;7
Leon;7
Maurício;7
Mohammad;7
Felipe;7
Kendrick;7
Filip;7
Juliano;7
Angélico;7
Rubén;7
Édi;7
Enrique;7
Lourenzo;6
Damien;6
Osvaldo;6
Aléxis;6
Zion;6
Matteo;6
Omar;6
Eduard;6
Zayn;6
Jayden;6
Kenny;6
Rubim;6
Olavo;6
Jonatã;6
Tierri;6
Bogdan;6
Kenzo;6
Aaron;6
Saulo;6
Pietro;6
Kai;6
Breno;6
Jair;6
Helder;6
Uriel;6
Luiz;6
Rayan;5
Mohammed;5
Dante;5
Aiden;5
Jackson;5
Fred;5
Amir;5
Stephan;5
Mamadou;5
Valdemar;5
Jóni;5
Evan;5
Hazael;5
Fabiano;5
Ibrahim;5
Juan;5
Robert;5
Michael;5
Natanael;5
Aayan;5
Hélio;5
Adilson;5
Éder;5
Silvestre;5
Jordan;5
Tito;5
Taylor;5
Logan;5
Leonard;5
Júnior;5
Bento;5
Kévin;5
Gui;5
Aryan;5
Pablo;5
Jónatas;5
Elvis;5
Joabe;5
Alonso;4
Jefferson;4
Deivid;4
Darius;4
Serigne;4
Eli;4
Giovanni;4
Romão;4
Félix;4
Daniil;4
Kaique;4
Kauã;4
George;4
Mathias;4
Vladislav;4
Adrián;4
Rúdi;4
Kylian;4
Gilson;4
Damian;4
Gastão;4
Ianis;4
Azael;4
Cael;4
Mickael;4
Jack;4
Sam;4
Angelo;4
Fabio;4
Alejandro;4
Isael;4
Francesco;4
Valentin;4
Aarav;4
Kirill;4
Andrei;4
Mohamed;4
Dénis;4
Abner;4
Roman;4
Adolfo;4
Gilberto;4
Óscar;4
Daví;4
Artem;4
Kelson;4
Ayan;4
Antonio;4
Timur;4
Lyan;4
Ruan;4
Louis;4
Salomão;4
Simon;4
Willian;4
Dávi;4
Matthew;4
Romeo;4
Kauan;4
Iago;4
Tobias;4
Nilson;4
Kayden;4
Mílton;4
Ahmed;4
Ibrahima;4
Julian;4
Agostinho;4
Lenny;4
Abraim;4
Eliel;4
Hendrick;3
Aleks;3
Vinícius;3
Ethan;3
Allan;3
Abdullah;3
Jacob;3
Kevyn;3
Nikolas;3
Edmar;3
Nikita;3
Vlad;3
Murilo;3
Baltasar;3
Acácio;3
Elijah;3
Yaroslav;3
Dino;3
Jeremias;3
Válter;3
Anselmo;3
Licínio;3
Djeison;3
Baltazar;3
René;3
Edmilson;3
Aleksandr;3
Thierry;3
Élson;3
Eugénio;3
Oleksandr;3
Reyansh;3
Sami;3
Arham;3
Edward;3
Andrew;3
Yannick;3
Rodolfo;3
Ronaldo;3
Yi;3
Michel;3
Lúcio;3
Maksim;3
Elísio;3
Eliab;3
Eliezer;3
Gelson;3
Mihai;3
Humberto;3
Elói;3
Denilson;3
Viriato;3
Mason;3
Mateu;3
Harry;3
Sidney;3
Orlando;3
Andriy;3
Davy;3
Átila;3
Jairo;3
Sílvio;3
Ilídio;3
Amílcar;3
Emmanuel;3
Dani;3
Nilton;3
Matvey;3
Serafim;3
Mario;3
Evandro;3
Arlindo;3
Kian;3
Edilson;3
Mélvin;3
Ederson;3
Walter;3
Keven;3
Nicolás;3
Kleyton;3
Josias;3
Gonzalo;3
Adelino;3
Iker;3
Marius;3
Aahan;3
Demian;3
Jayson;3
Arnaldo;3
Ariel;3
Ildo;3
Owen;3
Anilson;3
Célio;3
Eliézer;3
Délcio;3
Jean;3
Musa;3
Riyansh;2
Marvin;2
Aleksander;2
Djeyson;2
Dumitru;2
Maël;2
Franklin;2
Theodoro;2
Áureo;2
Sandiego;2
Calebe;2
Ódin;2
Abraão;2
Décio;2
Fabrizio;2
Yannis;2
Leone;2
Saif;2
Saliou;2
Marko;2
Yuvraj;2
Kimi;2
Tian;2
Gonzaga;2
Óliver;2
Benício;2
Aramis;2
Fabian;2
Seco;2
Vital;2
Sahas;2
Matei;2
Oceano;2
Amine;2
Jawad;2
Youssef;2
Emir;2
Jay;2
Danylo;2
Jailson;2
Kiame;2
Yohan;2
Jasmim;2
Brayan;2
Élio;2
Jerry;2
Halley;2
Eden;2
Jacinto;2
Pak;2
Alessandro;2
Shayan;2
Euclides;2
Gianni;2
Martín;2
Aleksey;2
Dalton;2
Marlon;2
Hakeem;2
Conrado;2
Jad;2
Alexandro;2
Rihan;2
Hao;2
Adryan;2
Lauriano;2
Vincent;2
Willyan;2
Jerónimo;2
Enzi;2
Richard;2
Ayaan;2
Celso;2
Yeshua;2
Cédrick;2
Lewis;2
Aylan;2
Zyon;2
Fernão;2
Dimas;2
Jerson;2
Gurtej;2
Francis;2
Nélson;2
Dmytro;2
Albert;2
Calvin;2
Mauricio;2
Viaan;2
Timóteo;2
Dorian;2
Aarnav;2
Alexey;2
Gheorghe;2
Graciano;2
Anael;2
Keanu;2
Aurélio;2
Matheo;2
Emerson;2
Alcides;2
Kiese;2
Renan;2
Briyan;2
Vagner;2
Eros;2
Maksym;2
Bilal;2
Algassimou;2
Jimmy;2
Ishan;2
Ruby;2
Aleksandar;2
Amândio;2
Zorawar;2
Brayn;2
Ali;2
Luccas;2
Moussa;2
Mariano;2
Mankirat;2
Yanis;2
Sancho;2
Charlie;2
Silas;2
Philipp;2
Vando;2
Solano;2
Reinaldo;2
Toni;2
Bernardino;2
Messias;2
Sidnei;2
Kennedy;2
Abílio;2
Kiene;2
Nélio;2
Matviy;2
Fedor;2
Oumar;2
Braima;2
Rodney;2
Aquiles;2
Kaio;2
Ícaro;2
Matías;2
Valério;2
Emilio;2
Lyam;2
Aleksandre;2
Eder;2
Kelton;2
Zacarias;2
Dárcio;2
Maxwell;2
Christyan;2
Íven;2
Mattia;2
Jaden;2
Janai;2
Manassés;2
Thomás;2
Taha;2
Konstantin;2
Figo;2
Lincoln;2
Eleazar;2
Marcellus;2
Aires;2
Estevão;2
Hayden;2
Aidan;2
John;2
Hernâni;2
Aarush;2
Davidson;2
Derek;2
Narciso;2
Adílio;2
Levy;2
Prerak;2
Romário;2
Alfa;2
Nicollas;2
Etienne;2
Tyler;2
Mamadú;2
Manoel;2
Damião;2
Jelson;2
Weslley;2
Zyan;2
Bo;2
Érico;2
Unai;2
Aziz;2
Alvin;2
Asafe;2
Prince;2
Milton;2
Santhiago;2
Catalin;2
Abraham;2
Natan;2
Amilton;2
Felix;2
Eurico;2
Cesário;2
Nahyan;2
Allen;2
Carlo;2
Meet;2
Zeus;2
Bruce;2
Nikolay;2
Russel;2
Gurjas;2
Abubacar;2
Jonatas;2
Enrico;2
Suyog;2
Flavio;2
Luigi;2
Nikolai;2
Arsénio;2
Ioan;2
Magno;2
Wayne;2
Yu;2
Lucio;2
Dinarte;2
Aly;2
Yan;2
Henzo;2
Nirbesh;1
Priyan;1
Adab;1
Md;1
Ozan;1
Admar;1
Herisil;1
Raman;1
Edelmiro;1
Malcolm;1
Zafar;1
Johnatan;1
Mihail;1
Jia;1
Rullyan;1
Darsh;1
Ibra;1
Sehbaaz;1
Danielson;1
Priyank;1
Aimar;1
Tomaz;1
Zaaef;1
Khael;1
Jingyi;1
Dean;1
Philipe;1
Tyson;1
Ledilson;1
Raphaël;1
Bayaan;1
Vladmir;1
Giancarlo;1
Anhad;1
Livio;1
Lok;1
Imad;1
Hadley;1
Antoni;1
Jeryckson;1
Kenrick;1
Braiden;1
Damir;1
Eddie;1
Aariv;1
Arlo;1
Niandro;1
Mansan;1
Harjasbir;1
Krinch;1
Vanilson;1
Ohan;1
Djayden;1
Jaylson;1
Raví;1
Esaias;1
Nafsat;1
Oleg;1
Alfrendinho;1
Yaiden;1
Rangel;1
Xoán;1
Reyjianne;1
Rishab;1
Isadai;1
Kéren;1
Awanish;1
Bassa;1
Rudi;1
Nur;1
Amado;1
Matisse;1
Sulaiman;1
Ludgero;1
Clarson;1
Levick;1
Ross;1
Bensson;1
Oussuman;1
Josélio;1
Gualter;1
Alisson;1
Youmer;1
Wilker;1
Tegvirat;1
Teodor;1
Rafel;1
Mirko;1
Valter;1
Hamza;1
Siddarta;1
Mattin;1
Bernado;1
Helmer;1
Fidel;1
Loris;1
Maylon;1
Gleb;1
Denil;1
Elcimar;1
Mamadu;1
Elisei;1
Eleobel;1
Epandy;1
Gonçalves;1
Kiani;1
Joni;1
Aryel;1
Ashrafov;1
Chandra;1
Ivanilson;1
Galen;1
Olivier;1
Stivan;1
Tiamo;1
Luther;1
Yahel;1
Hulk;1
Douglas;1
Davit;1
Lucénio;1
Liyo;1
Federico;1
Ziad;1
Hedeler;1
Elison;1
Heldmar;1
Pascoal;1
Kaichen;1
Dayban;1
Prashil;1
Ulugbek;1
Shivaay;1
Iven;1
Emil;1
Koby;1
Liev;1
Heet;1
Ekamdeep;1
Pieter;1
Zakaria;1
Djalmo;1
Esanjo;1
Hariel;1
Danny;1
Mikaal;1
Wesillen;1
Mouhamad;1
Liedson;1
Ravydson;1
Chester;1
Muhamed;1
Kalebe;1
Soan;1
Shahood;1
Inti;1
Antoniusz;1
Jeremyah;1
Deniz;1
Haidam;1
Shalev;1
Mathys;1
Paolo;1
Kelt;1
Camnate;1
Joelson;1
Benevolo;1
Anatoly;1
Ehan;1
MD;1
Uriah;1
Hardik;1
Ekumbi;1
Mankirt;1
Bá;1
Rony;1
Edney;1
Hiram;1
Roangel;1
Marlond;1
Yssanzo;1
Jhonathan;1
Thor;1
Rosil;1
Diégo;1
Kaleb;1
Dmitrii;1
Horácio;1
Tymofiy;1
Kévan;1
Rikelmy;1
Antony;1
Tianyan;1
Amarildo;1
Ismoilkhon;1
Shoxjaxon;1
Maximilian;1
Andreas;1
Loreanne;1
Sviatoslav;1
Mohamad;1
Kyllen;1
Malik;1
Yoshiya;1
Giuseppe;1
Watson;1
Xelzio;1
Norato;1
Romilton;1
Furqan;1
Tanishq;1
Ednilson;1
Erikson;1
Jeremiah;1
Andrey;1
Gurtaj;1
Mahbeer;1
Illiya;1
Zayyan;1
Ikemdinachukwu;1
Tegdeep;1
Karna;1
Kamal;1
Havik;1
Saúl;1
Enoque;1
Clife;1
Tawseef;1
Geo;1
Bráulio;1
Nia;1
Kleiton;1
Kadosh;1
Máximo;1
Hexuan;1
Mauri;1
Joaquín;1
Adónis;1
Manuel-José;1
Djaim;1
Jabneel;1
Brás;1
Raufe;1
Marlous;1
Hochai;1
Claudino;1
Nigel;1
Tafhim;1
Zehui;1
Ferdinand;1
Andrés;1
Jesús;1
Daelve;1
Cezar;1
Desejado;1
Willmer;1
Roah;1
Launyo;1
Clemente;1
Iason;1
Sahibjot;1
Efraim;1
Lamine;1
Andrii;1
Kenneth;1
Robin;1
Fabián;1
Nicolseon;1
Pifte;1
Fredy;1
Laurentiu;1
Janio;1
Nayan;1
Taim;1
Jerral;1
Sacha;1
Jules;1
Kenan;1
Saeed;1
Mayel;1
Prasab;1
Syon;1
Junior;1
Uneet;1
Rudney;1
Samora;1
Harshak;1
Rosalino;1
Kyran;1
Ilyan;1
Mame;1
Ondjala;1
Dionísio;1
Deny;1
Tayson;1
Donald;1
Rómulo;1
Enilson;1
Jayronn;1
Edmundo;1
Nimit;1
Wallison;1
pedro;1
Sadrak;1
Yoshua;1
Alexandrino;1
Dyliam;1
Laksh;1
Osmy;1
Galang;1
Willmar;1
Ezra;1
Uziel;1
Luwamy;1
Hio;1
Rihaansh;1
Iosebi;1
Deógenes;1
Quim;1
Elvin;1
Niten;1
Jujharveer;1
Haziel;1
Rishit;1
Marley;1
Dayvon;1
Usemua;1
Mahian;1
Kailas;1
Yohanne;1
Jared;1
Luciel;1
Ayomi;1
Suikar;1
Esteban;1
Marcelino;1
Eldes;1
Yohanny;1
Maurio;1
Matviei;1
Ben-Hur;1
Nael;1
David-Adrian;1
Egor;1
Peter;1
Samarbir;1
Éros;1
Tomáz;1
Constantin;1
Artyom;1
Manrajpreet;1
Witsel;1
Leoatle;1
Heron;1
Yohane;1
Dayven;1
Danilson;1
Zuhad;1
Neysson;1
Bonifácio;1
Shubh;1
Mounir;1
Nerhy;1
Joseberto;1
Jhaynir;1
Dhatalo;1
Samartha;1
Momin;1
Jenelson;1
Marcus-Emil;1
Hussein;1
Tércio;1
Jaziel;1
Domi;1
Heider;1
Aras;1
Thierno;1
Irshade;1
Nero;1
Keyson;1
Troy;1
Arseniu;1
Eki;1
Rainner;1
Lietson;1
Allisson;1
Adhrit;1
Vílson;1
Dariu;1
Agrim;1
Raffael;1
Jó;1
Quinn;1
Avraj;1
Nelmar;1
Donato;1
Ondjaki;1
Matt;1
Riyadh;1
Deiny;1
Wagner;1
Haikal;1
Idris;1
Tchiovany;1
Otaviu;1
Jabulani;1
Cheick;1
Naman;1
Derik;1
Sergio;1
Ihsan;1
Cassiano;1
Jodhveer;1
Helton;1
Sambela;1
Janivaldo;1
Kismatpreet;1
Ridwan;1
Lehan;1
Lévi;1
Gurjot;1
Seliel;1
Wendhell;1
Mustafa;1
Biren;1
Gaurish;1
Braylen;1
Kiamy;1
Izaiah;1
Kelcio;1
Eliam;1
Isslam;1
Ayyan;1
Issagha;1
Ivander;1
Carmichael;1
Sergey;1
Angadbir;1
Andréi;1
Christos;1
Jasmeet;1
Musabin;1
Ostap;1
Ibraima;1
Golden;1
Elson;1
Yun;1
Sonny;1
Wallace;1
Jeferson;1
Qasim;1
Umaro;1
Xiangyun;1
Daivon;1
Génesis;1
Oseias;1
Arifur;1
Dominik;1
Kaiyang;1
Illya;1
Laith;1
Lissandro;1
Petro;1
Shreyas;1
Shahzodjon;1
Libério;1
Adryann;1
Kielson;1
Déniel;1
Lyonel;1
Dérick;1
Grizman;1
Henish;1
Benedito;1
Timothy;1
Evgeniy;1
Julião;1
Atalay;1
Raheem;1
Elionai;1
Shunyuk;1
Rihadur;1
Ivaan;1
Marvim;1
Vansh;1
Ludwin;1
Cid;1
Marwane;1
Abbaad;1
Jayr;1
Aaditya;1
Yunay;1
Tao;1
Virpartap;1
Vidyut;1
Téo;1
Sálvio;1
Vanderson;1
Tama;1
Alpha;1
Jin;1
Ruslan;1
Erickson;1
Jiyan;1
Kiami;1
Baciro;1
Cristhian;1
Reyaan;1
Haley;1
Rachid;1
Flynn;1
Harsh;1
Arhaan;1
Érick;1
Pranish;1
kelvin;1
Álan;1
Gláuber;1
Tanveer;1
Dawilton;1
Hossi;1
Hyann;1
Gabriell;1
Reuben;1
Joseph;1
Xaday;1
Dashawan;1
Filippo;1
Issa;1
Erisson;1
Albano;1
Danyel;1
Odjaime;1
Anton;1
Nahime;1
Sai;1
Linus;1
Lennor;1
Alisher;1
Winston;1
Layyin;1
Yohano;1
Enzel;1
Belarmino;1
Teófilo;1
Weziel;1
Jeffté;1
Ayham;1
Luany;1
Alípio;1
Eloy;1
Finn;1
Gregório;1
Petros;1
Uday;1
Mouldi;1
Mawete;1
Zavian;1
Vitold;1
Ussumane;1
Toby;1
Tudor;1
kevin;1
Haider;1
Boanerges;1
Izet;1
Rihank;1
Luke;1
Agamveer;1
Adiv;1
Deep;1
Carly;1
Apollo;1
Haoran;1
Elmer;1
Giovanny;1
Ítalo;1
Pyetro;1
Josiah;1
Andry;1
Celestino;1
Nivaldo;1
Kaian;1
Mayke;1
Cós;1
Akio;1
Nivaan;1
Floriano;1
Emilian-Mycailo;1
Abrãao;1
Kosma;1
Juscelino;1
Weiyong;1
Vivaan;1
Elay;1
Yohaness;1
Devanshu;1
Redouane;1
Gerald;1
Faysal;1
Aaryav;1
Aksel;1
Ramzanbek;1
Haoyi;1
Éden;1
Shavya;1
Naksh;1
Arav;1
Ghael;1
Eduane;1
Aden;1
Aayush;1
Wali;1
Dyego;1
Alvaro;1
Abijot;1
Kristal;1
Randy;1
Said;1
Hazaelson;1
Hericson;1
Maxím;1
Ousmane;1
Thales;1
Luati;1
Sebastián;1
Azahel;1
Ivanildo;1
Wellington;1
Jan;1
Sahel;1
Nurik;1
Enrik;1
Timéo;1
Tony;1
Abrar;1
Augustin,;1
Gilceir;1
Sunny;1
Hiwamy;1
Urias;1
Litos;1
Noor;1
Quévin;1
Maris;1
Hiyan;1
Subhan;1
Alexandr;1
Teo;1
Fayaaz;1
Malick;1
Wissam;1
Maximiano;1
Saihou;1
Enezer;1
Delfim;1
Kasper;1
Antônio;1
Artemio;1
Laxh;1
Jardel;1
Velkan;1
Kahan;1
Giannini;1
Jhonny;1
Azazias;1
Sean;1
Eduard-Florin;1
Aritz;1
Dimitrii;1
Sangdup;1
Dhruv;1
Muaaz;1
Rayn;1
Julyan;1
Heyden;1
Alexio;1
Zaid;1
Neemias;1
Tameem;1
Vasko;1
Porter;1
Kwezy;1
Nischal;1
Valton;1
Mikelson;1
Háchel;1
Joachim;1
Alessyo;1
Ailton;1
Kondua;1
Juwei;1
Elhadj;1
Spencer;1
Lorenz;1
Garvish;1
Rayyan;1
Cruz;1
Yuxuan;1
Aniket;1
Isandro;1
Jebin;1
Kevinn;1
Henil;1
Zuhain;1
Adhvic;1
Bevan;1
Tuncan;1
Gusttavo;1
Tymur;1
Eflatun;1
Kelvine;1
Samirjon;1
Mehdi;1
Brais;1
Abu;1
Denys;1
Alcino;1
Juul;1
Milan;1
Nicodemos;1
Ammar;1
Kaua;1
Manan;1
Jaaziel;1
Yannes;1
Stanislav;1
Sohayb;1
Vilson;1
Rubem;1
Élton;1
Serghei;1
Etiandro;1
Ameer;1
Éric;1
Abdoulaye;1
Isalécio;1
Aton;1
Favian;1
Abdour;1
Neon;1
EriK;1
Isack;1
Safat;1
Cheslav;1
Melvin;1
Kalifa;1
Nelsony;1
Saibou;1
Lamar;1
Malaquias;1
Gabriel-Nicolae;1
Danni;1
Elia;1
Raffaello;1
Marat;1
Aasutosh;1
Dannyel;1
Jocélio;1
Harrison;1
Damécoiul;1
Dennis;1
Sarfaraj;1
Lino;1
Lionel;1
Stelvio;1
Safwan;1
Lev;1
Kincas;1
Nádio;1
Salahiddin;1
Emiliano;1
Kemyh;1
Homero;1
Radut;1
Hui;1
Siyon;1
Arvik;1
Sofiene;1
Yousaf;1
Calasse;1
Geraldo;1
Bopcyen;1
Hriday;1
Khendrick;1
Emídio;1
Eusébio;1
Kelmen;1
Elish;1
Landerson;1
Rolex;1
Devin;1
Zixin;1
Dautarin;1
Odysseas;1
Kawinuar;1
Karamokho;1
Alecsandru;1
Raylander;1
Maxime;1
Wamy;1
Manzambi;1
Yann;1
Sinan;1
Ashron;1
Oskar;1
Rayh;1
Ben;1
Cristyan;1
Elber;1
Adenilson;1
Otniel;1
Arcanjo;1
Hailé;1
Diègo;1
Rocco;1
Aquilles;1
Tridib;1
Abdur;1
Maceo;1
Henzel;1
Fares;1
Leonidas;1
Gurwin;1
Ahmad;1
Zixuan;1
Parasdeep;1
Dhuvit;1
Karmanbir;1
Fanli;1
Jaivardhan;1
Tahiano;1
Lau;1
Stanil;1
Agirim;1
Natã;1
Serge;1
Deeko;1
Nasiruddin;1
Nathaniel;1
Ionut;1
Bhuvik;1
Khevin;1
Fidélio;1
Hersílio;1
Aurelian;1
Maaran;1
Zidane;1
Greyson;1
Lyubomir;1
Ilesh;1
Aguiell;1
Krish;1
Aníbal;1
Mann;1
Unnat;1
Umar;1
Aliou;1
Magnus;1
Yashmeet;1
Arilson;1
Samyol;1
Idálio;1
Sultan;1
Musab;1
Haroun;1
Mussab;1
Stefano;1
Xucheng;1
Subim;1
Almir;1
Susana;1
Êine;1
zichen;1
Malam;1
Ravier;1
Udeshya;1
Amaël;1
Ho;1
Zhivko;1
Thomaz;1
Volodymyr;1
Vitalie;1
Ádrian;1
Arman;1
Jaskirat;1
Guido;1
Ranieri;1
Norberto;1
Eyvan;1
Yacine;1
Jeovani;1
Adi;1
Riquelme;1
Ana;1
Evilazio;1
Ismaíl;1
Ajwaad;1
Kenzel;1
Otchalli;1
Jhordan;1
Taciano;1
Altair;1
Abaan;1
Kayllen;1
kendrick;1
Jiale;1
Bolin;1
Nodi;1
Sahat;1
Muriel;1
Wilkins;1
Nicola;1
Enockh;1
Imran;1
Kingston;1
Ramiro;1
Abrão;1
Hirak;1
Yanni;1
Jenoah;1
Wally;1
Jake;1
Zacur;1
Willion;1
Rian;1
Junye;1
Rômulo;1
Handerson;1
Aylton;1
Madílson;1
Gurnoor;1
Utkarsh;1
Dany;1
Muyinjon;1
Benjamín;1
Mahmoud;1
Sténio;1
Kristian;1
Gervásio;1
Hrehaan;1
Amit;1
Viktor;1
Melky;1
Ever;1
Aldair;1
Linar;1
Rodger;1
Taimur;1
Eliseo;1
Lorenço;1
Denzello;1
ShaKur;1
Tomasz;1
Araf;1
Kuziva;1
Vicenzo;1
Ammadu;1
Deicy;1
Nikson;1
Aagaman;1
Antón;1
Santino;1
Idelfrides;1
Masichukwu;1
Harjio;1
Wayamy;1
Mikola;1
Yudi;1
Farrux;1
Aldo;1
Alonzo;1
Wilian;1
Arielson;1
Krittrin;1
Aareesh;1
Hector;1
Martiniano;1
Rashid;1
Oleksiy;1
Cole;1
Jasiel;1
Bénur;1
Jesse;1
Neo;1
Avitaj;1
Everson;1
Ismail;1
Tchiene;1
Dai;1
Ramon;1
Edman;1
Adnísio;1
Shiva;1
Saatvik;1
Immanuel;1
Izael;1
Riquel;1
Ved;1
Youri;1
Mhamad;1
Otávio;1
Wytalo;1
Giani;1
Devlin;1
Rayane;1
Danil;1
Harron;1
Malcom;1
Dann;1
Teodoro;1
Kenil;1
Sátia;1
Rufino;1
Syed;1
Rubens;1
Simeão;1
Anatole;1
Julien;1
Nawaf;1
Ocean;1
Williams;1
Sekouba;1
Mayron;1
Nikola;1
Samman;1
Kyami;1
Idrissa;1
Eliseu;1
Artiom;1
Yifan;1
Kanye;1
Noa;1
Aagam;1
Elliott;1
Nícolas;1
Léon;1
Marilson;1
Zayden;1
Iuri;1
Aboubacar;1
Kaiser;1
Wayame;1
Derrick;1
Sohaan;1
Bacari;1
Castiel;1
Mouhamadou;1
Ritchel;1
Arseniy;1
Matvei;1
Justo;1
Amrit;1
Rio;1
Neymar;1
Nedylson;1
Harsit;1
Yusufbek;1
Jurik;1
Dereck;1
Mihael;1
Wildany;1
Tufayl;1
Yaman;1
Mirhat;1
Aariyan;1
Mariel;1
Lemilson;1
Delmar;1
Aristarch;1
Ucher;1
Asher;1
Mahfuz;1
Keylor;1
Ekamjot;1
Sadi;1
Adiel;1
Laziz;1
Zodi;1
Kleusio;1
Maks;1
Pan;1
Da;1
Constantino;1
Guillermo;1
Fernandinho;1
Oday;1
Zech;1
Tim;1
Maximillian;1
Delson;1
Yash;1
Armindo;1
Élmerson;1
Vraj;1
Abishkar;1
Shodiyor;1
Mike;1
Kevihn;1
Cleyton;1
Sébastien;1
Fhilipe;1
Rominio;1
Shelton;1
Rahul;1
Torcato;1
Sidak;1
Keizer;1
Mizael;1
Fabricio;1
Dídac;1
Kiezo;1
Fabien;1
Helvis;1
Cristopher;1
Darian;1
Mahad;1
Nickolas;1
Avish;1
Aadvik;1
Ioane;1
Yesalel;1
Nicolae;1
Isaak;1
Maikol;1
Jadhiel;1
Pranup;1
Giorgi;1
Ádrien;1
Mikhail;1
Wagnner;1
Alimou;1
Tejbir;1
Jupiter;1
Alit;1
Nishrit;1
Tristão;1
Finjo;1
Jáasiel;1
Kyenne;1
Mykola;1
Preeyam;1
Valteomar;1
Ran;1
Andres;1
Madjer;1
Euneson;1
Farruhbek;1
Vladimiro;1
Mubassher;1
Dharvin;1
Shreyan;1
Giovane;1
Mykhael;1
Melvyn;1
Alair;1
Ranael;1
Tamerlan;1
Haochen;1
Ritesh;1
Milo;1
Maikal;1
Wacill;1
Didier;1
Kayo;1
Yassin;1
Varis;1
Jiaqi;1
Kiril;1
Ray;1
Julio;1
Ansh;1
Moa;1
Wendell;1
Aawas;1
Dércio;1
Gabriele;1
Ezekiel;1
Custódio;1
Sameer;1
Alikih;1
Valdimir;1
Wady;1
Ludmiro;1
Nilsson;1
Nigut;1
Zinon;1
Yeshkirat;1
Almar;1
Gursahib;1
Amiran;1
Haris;1
Elmo;1
Jude;1
Connor;1
Élvio;1
Antero;1
Maciel;1
Yahnoah;1
Ahil;1
Jairson;1
Josemar;1
Bhargav;1
Gérson;1
Luíz;1
Chrystian;1
Sujit;1
Bambó;1
Zeferino;1
Neimar;1
Noble;1
Emaz;1
Oluwademilade;1
Ventura;1
Zihanwei;1
Marik;1
Angel;1
Guizat;1
Vasiliy;1
Rostislav;1
Darien;1
Leunammi;1
Samyar;1
Sahil;1
Geovani;1
Laurindo;1
Hasley;1
Cosme;1
Theodore;1
Cayden;1
Tejasveer;1
Keita;1
Vadym;1
Estéfano;1
Aldaír;1
Djason;1
Rafiq;1
Karlos;1
Swayam;1
Lizandro;1
Luale;1
Aravpreet;1
Tayyab;1
Octavio;1
Kayson;1
Muhammadamin;1
Ziany;1
Valquírio;1
Gaetano;1
Anas;1
Ling;1
Bubacar;1
Robson;1
Adley;1
Joao;1
Andy;1
Anuldjan;1
Nick;1
Andrian;1
Remy;1
Bless;1
Nikoloz;1
Cleo;1
Aadeep;1
Junlei;1
Navyug;1
Hermínio;1
Oziel;1
Raef;1
Hank;1
Lucenzo;1
Ayoub;1
Yousuf;1
Yiyang;1
Avelino;1
Otaniel;1
Agamjot;1
Aideen;1
Filêmon;1
Belzael;1
Prayag;1
Nolan;1
Gabi;1
Mikaell;1
Islombek;1
Zanil;1
Rhythm;1
Bozhko;1
Uezhu;1
Yakine;1
Timo;1
Mantegh;1
Hamidou;1
Raj;1
Akbar;1
Kacy;1
Flavius;1
Pavel;1
Héder;1
Ihan;1
Jeremy;1
Braian;1
Octave;1
Jashan;1
Kamronbek;1
Abduraxmon;1
Aayam;1
Lyon;1
Naveed;1
Darwin;1
Faizan;1
Octávio;1
Cayser;1
Daylson;1
Isak;1
Yago;1
kaio;1
Subin;1
Dérce;1
Zian;1
Adamo;1
Samyam;1
Elisama;1
Denny;1
Deni;1
Candance;1
Samba;1
Wheldon;1
Mamede;1
Kyan;1
Ageu;1
Adriá;1
Raghav;1
Zélio;1
Kidjó;1
Alfred;1
Kyo;1
Luenze;1
Haurio;1
Remi;1
Aslan;1
Yuvaan;1
Raimundo;1
Elliot;1
Taras;1
Moises;1
Abdoul;1
Dario;1
Milàn;1
Welson;1
Jorawar;1
Arsh;1
Tuti;1
Raylson;1
Dyari;1
Edvânio;1
Jahmal;1
Aracel;1
Real;1
Morgan;1
Maheep;1
Étienne;1
Ravidson;1
Hanniel;1
Jakson;1
Andre;1
Shadi;1
Dmitriy;1
Stephen;1
Nirbhik;1
Marc;1
Oriel;1
Pedru;1
Iacob;1
Wisillen;1
Mahdi;1
Kyani;1
Rahmoun;1
Délio;1
Aabhash;1
Miyon;1
François;1
Bivhan;1
Sabino;1
Mahir;1
Salviano;1
Olímpio;1
Dmitry;1
Kleber;1
Donnie;1
Lovejeet;1
Ilyas;1
Ludiney;1
Manaspreet;1
Dragos;1
Jozeny;1
Terry;1
Adulai;1
Alessio;1
Wassim;1
Gylson;1
Juvenal;1
Ronan;1
Zayan;1
Kyesse;1
Tamim;1
Achraf;1
Elvino;1
Mohid;1
Aleksi;1
Hian;1
Djamal;1
Daiki;1
Arturo;1
Dorivaldo;1
Isauro;1
Schneider;1
Adlésio;1
Amiel;1
Rushdaan;1
Isaí;1
Sevastian;1
Ulysses;1
Maria;5699
Leonor;1668
Matilde;1639
Beatriz;1259
Carolina;1134
Mariana;1027
Ana;1004
Sofia;975
Francisca;911
Inês;873
Margarida;829
Clara;821
Lara;777
Alice;745
Laura;715
Benedita;634
Diana;600
Madalena;560
Joana;517
Camila;463
Bianca;458
Mafalda;457
Íris;451
Vitória;435
Constança;434
Luana;405
Sara;405
Letícia;401
Gabriela;381
Rita;370
Eva;343
Mara;337
Yara;319
Ema;294
Ariana;291
Luísa;267
Carlota;267
Yasmin;265
Carminho;245
Helena;223
Catarina;218
Valentina;202
Victória;200
Júlia;181
Alícia;177
Marta;165
Noa;157
Rafaela;151
Kyara;150
Teresa;148
Nicole;146
Melissa;144
Iara;141
Bruna;140
Luena;139
Isabel;138
Daniela;130
Núria;129
Miriam;128
Filipa;126
Luna;125
Lia;124
Raquel;106
Bárbara;106
Caetana;105
Mia;97
Áurea;91
Aurora;89
Juliana;85
Olívia;85
Amélia;83
Jéssica;82
Kelly;79
Érica;79
Pilar;75
Naiara;67
Mélanie;65
Isabela;65
Adriana;62
Débora;62
Lorena;61
Isis;58
Emma;58
Julieta;56
Alexandra;52
Elisa;49
Frederica;49
Soraia;48
Tatiana;48
Eduarda;47
Chloe;47
Safira;46
Isabella;45
Mayara;44
Rosa;44
Emília;43
Vera;42
Sophia;41
Fabiana;40
Flor;39
Irina;39
Petra;38
Paloma;38
Luciana;38
Nádia;37
Luz;36
Alana;36
Ester;35
Aline;35
Larissa;35
Nair;34
Salomé;33
Renata;33
Dânia;32
Sarah;32
Victoria;30
Andreia;30
Emily;30
Anita;30
Patrícia;30
Bia;28
Verónica;27
Iris;27
Serena;27
Nayara;27
Cristiana;26
Dalila;26
Cláudia;26
Lúcia;24
Carla;23
Ângela;23
Neuza;23
Simone;23
Tamara;22
Clarisse;22
Carmo;22
Raissa;22
Maiara;22
Liara;22
Eliane;21
Cristina;21
Isa;20
Samira;20
Violeta;20
Estrela;20
Melanie;19
Anna;19
Giovana;19
Valéria;19
Micaela;19
Jacinta;19
Kiara;19
Sandra;19
Liliana;19
Cíntia;18
India;18
Liane;18
Marisa;18
Natacha;18
Rute;18
Telma;18
Irís;17
Eliana;17
Jade;17
Samara;17
Susana;16
Cátia;16
Elsa;16
Carina;16
Mónica;16
Ayla;16
Rebeca;16
Briana;16
Oriana;15
Aruna;15
Rosarinho;15
Alicia;15
Olivia;15
Fátima;15
Yasmine;15
Dara;15
Penélope;15
Heloísa;15
Maísa;15
Luisa;15
Paula;15
Flávia;14
Lya;14
Erica;14
Leticia;14
Nina;14
Aisha;14
Kayla;14
Andrea;14
Aléxia;14
Priscila;14
Evelyn;14
Vânia;14
Emilly;13
Jasmine;13
Ariane;13
Tamára;13
Liana;13
Elena;13
Ariele;13
Giovanna;13
Lea;13
Abigail;13
Ísis;13
Cecília;13
Milena;12
Márcia;12
Amália;12
Manuela;12
Marina;12
Ionara;12
Maya;12
Glória;12
Erika;11
Samanta;11
Lívia;11
Ellen;11
Solange;11
Milana;11
Simara;11
Naomi;11
Antónia;11
Angelina;11
Vanessa;11
Amanda;11
Zara;11
Taís;11
Riana;11
Angélica;10
Chloé;10
Natália;10
Carmen;10
Martina;10
Eunice;10
Michelle;10
Denise;10
Ciara;10
Cloé;10
Dayane;10
Esther;10
Pérola;10
Clarinha;10
Joice;10
Isadora;10
Brenda;10
Tânia;10
Jennifer;10
Sónia;10
Esperança;10
Stephanie;9
Ashley;9
Surya;9
Oceana;9
Sílvia;9
Mathilde;9
Suri;9
Anamar;9
Matilda;9
Cloe;9
Lídia;9
Aylla;9
Sabrina;9
Rayssa;9
Fernanda;8
Elisabete;8
Daisi;8
Geovanna;8
Iasmin;8
Anaísa;8
Marisol;8
Jénifer;8
Lunna;8
Lisa;8
Alexia;8
Luzia;8
Eleonor;8
Mila;8
Mayra;8
Mariama;8
Ariela;8
Leandra;8
Gabriella;8
Nídia;8
Isaura;8
Taísa;8
Samaritana;8
Karen;8
Anaya;8
Graça;8
Morgana;8
Camilla;8
Sienna;8
Nayla;8
Maura;7
Yohanna;7
Zoé;7
Maia;7
Edna;7
Giulia;7
Sol;7
Angela;7
Viviane;7
Deise;7
Carol;7
Vanda;7
Nara;7
Anastasia;7
Jussara;7
Charlotte;7
Taíssa;7
Thaís;7
Melinda;7
Silvana;7
Yasmim;7
Jessica;7
Ivone;7
Alexa;7
Guadalupe;7
Keyla;7
Miranda;7
Cármen;7
Lucy;7
Celeste;7
Filomena;6
Nadine;6
Eloá;6
Raíssa;6
Adelina;6
Aysha;6
Hannah;6
Mercês;6
Naísa;6
Leah;6
Leia;6
Dália;6
Karina;6
Kaylane;6
Arina;6
Doriana;6
Josiane;6
Regina;6
Melânia;6
Anaís;6
Ariel;6
Laís;6
Hadassa;6
Sophie;6
Esmeralda;6
Lisandra;6
Suéli;6
Leila;6
Naíma;6
Irene;6
Antonella;6
Maitê;6
Lis;6
Magda;6
Lais;6
Stella;6
Mel;6
Estela;5
Adelaide;5
Dayanne;5
Allana;5
Maira;5
Dora;5
Stefany;5
Radija;5
Aliyah;5
Gabrielly;5
Livia;5
Lyana;5
Wendy;5
Stela;5
Julia;5
Ilda;5
Annie;5
Janice;5
Ivana;5
Cataleya;5
Noah;5
Liz;5
Fatima;5
Lua;5
Fatumata;5
Sarai;5
Ainhoa;5
Alina;5
Cristiane;5
Amora;5
Branca;5
Anastácia;5
Concha;5
Eloah;5
Rayane;5
Talita;5
Zoe;5
Keila;5
Teresinha;5
Gisela;5
Anabela;5
Dádiva;5
Amelia;4
Ada;4
Joelma;4
Mya;4
Noémia;4
Mercedes;4
Nicolly;4
Jeanne;4
Dina;4
Viviana;4
Marília;4
Anya;4
Fatoumata;4
Lígia;4
Gaia;4
Mirella;4
Adrielle;4
Clarice;4
Kylie;4
Eliza;4
Nancy;4
Vitoria;4
Nuna;4
Yolanda;4
Tiffany;4
Fábia;4
Francesca;4
Alycia;4
Aaliyah;4
Lina;4
Laila;4
Aya;4
Amy;4
Daisy;4
Kataleya;4
Natali;4
Elaine;4
Antonela;4
Samantha;4
Katie;4
Aria;4
Séfora;4
Lyara;4
Daiane;4
Hanna;4
Lurdes;4
Thais;4
Patricia;4
Janaína;4
Lana;4
Ruth;4
Noemi;4
Flora;4
Siena;4
Kailane;4
Cleo;4
Selena;4
Grace;4
Savannah;4
Adriela;4
Klara;4
Marwa;4
Sanaya;4
Lavínia;4
Kendra;4
Yangchen;4
Jasmin;4
Lília;4
Haniela;4
Adélia;4
Alyssa;4
Marlene;4
Tiana;4
Aleksandra;4
Alba;4
Flavia;3
Daria;3
Sasha;3
Eline;3
Adrielly;3
Nikol;3
Agatha;3
Cinara;3
Adele;3
Margot;3
Darina;3
Dária;3
Noémi;3
Rúbia;3
Melina;3
Emanuela;3
Léa;3
Liah;3
Olga;3
Myriam;3
Sofía;3
Andreína;3
Niara;3
Anny;3
Aura;3
Margarita;3
Jannat;3
Ayra;3
Sancha;3
Cassandra;3
Hellen;3
Jasmim;3
Cássia;3
Malu;3
Thayla;3
Rebecca;3
Celina;3
Saanvi;3
Andresa;3
Siara;3
Rayana;3
Jani;3
Layara;3
Anastacia;3
Aida;3
Leonilde;3
Jacira;3
Isabelly;3
Dulce;3
Nicolle;3
Emanuelly;3
Ruby;3
Mariah;3
Sheila;3
Judite;3
Bella;3
Célia;3
Bela;3
Iriana;3
Agnes;3
Milene;3
Kamila;3
Antonia;3
Alma;3
Zoey;3
Lueji;3
Aissatou;3
Katia;3
Linda;3
Zlata;3
Nadia;3
Emiliana;3
Mária;3
Zahra;3
Elise;3
Emilie;3
Taynara;3
Kemilly;3
Raisa;3
kyara;3
Ava;3
Viktoria;3
Anouk;3
Ânia;3
Aliana;3
Laurinda;3
Lyah;3
Adama;3
Paz;3
Brianna;3
Zaya;3
Guiomar;3
Joyce;3
Rayanne;3
Leonora;3
Noor;3
Lynda;3
Khadija;3
Cheila;3
Melody;3
Rania;3
Rose;3
Magali;3
Saphira;3
Luiza;3
Isabelle;3
Aurea;3
Catalina;3
Svetlana;3
Pureza;3
Michele;3
Jasmina;3
Martinha;3
Barbara;3
Thays;3
Yuna;3
Noemy;3
Maimuna;2
Rafaella;2
Perla;2
Natasha;2
Selina;2
Carollina;2
Laryssa;2
Layla;2
Lidia;2
Sofiya;2
Sanvi;2
Graciana;2
Alessia;2
Naira;2
Benisha;2
Suzi;2
Noelle;2
Trisha;2
kelly;2
Veronica;2
Kenya;2
Quézia;2
Maeve;2
Lamar;2
Neiza;2
Ludmila;2
Ária;2
Helen;2
Anaíce;2
Quésia;2
Jana;2
Debora;2
Juliette;2
Lyanna;2
Sam;2
Polina;2
Whitney;2
Miruna;2
Lola;2
Vilma;2
Kieza;2
Emely;2
Drielle;2
Palmira;2
Aimee;2
Hiba;2
Rosário;2
Ainoa;2
Delia;2
Zahara;2
Corina;2
Stefania;2
Conceição;2
Dionísia;2
Ellie;2
Naya;2
Mira;2
Sylvia;2
Tida;2
Nélia;2
Nayomi;2
Josiana;2
Alessandra;2
Deborah;2
Samragyee;2
Nazaré;2
Alya;2
Ishani;2
Nabiha;2
Yumi;2
Andriana;2
Arya;2
Yasmina;2
Mahira;2
Assunção;2
Lillian;2
Gabrielle;2
Támara;2
Moana;2
Maggie;2
Jeovana;2
Evelina;2
Dana;2
Drisana;2
Fiona;2
Yarine;2
Berta;2
Laiane;2
Ella;2
Naia;2
Biana;2
Alesia;2
Cataleia;2
Atena;2
Miguela;2
Yi;2
Élia;2
Roberta;2
Myla;2
Darlene;2
Gurneet;2
Zaira;2
Elany;2
Valquíria;2
Laureana;2
Jasleen;2
Josefina;2
Damiana;2
Reyanshi;2
Alissa;2
Nícia;2
Mía;2
Mariam;2
Alinne;2
Lilian;2
Déborah;2
Arfa;2
Iolanda;2
Dandara;2
El;2
Ayane;2
Salina;2
Elina;2
Tanveer;2
Lavinia;2
Melisa;2
Taciana;2
Miria;2
Tyara;2
Jessie;2
Diani;2
Tanishka;2
Emelly;2
Ágatha;2
Dianna;2
Ainara;2
Yonnara;2
Yonara;2
Khloe;2
Hana;2
Thaísa;2
Tayssa;2
Dayana;2
Zoë;2
Rosalina;2
Iria;2
Janete;2
Elysia;2
Nahary;2
Maysa;2
Ohana;2
Aylah;2
Elizabeth;2
Mirela;2
Costanza;2
Joanne;2
Engrácia;2
Núbia;2
Michela;2
Andria;2
Luziane;2
Estefânia;2
Ioana;2
Leena;2
Eloáh;2
Mikaela;2
Marcela;2
Yasmeen;2
Anaisa;2
Madalina;2
Sulamita;2
Liliane;2
Jael;2
Romana;2
Aryana;2
Yana;2
Kailany;2
Alda;2
Savana;2
Silvia;2
Keliane;2
Kaya;2
Luma;2
Fatimah;2
Shana;2
Daniana;2
Amélie;2
Andressa;2
Nuria;2
Syenna;2
Inaya;2
Kassandra;2
Shivani;2
Gurseerat;2
Arianne;2
Nataniela;2
Muriel;2
Gracy;2
Augusta;2
Marieta;2
Kenzie;2
Stephany;2
Anaiza;2
Denisa;2
Nayra;2
Rachel;2
Jaslyn;2
Vittoria;2
Kate;2
Manon;2
Yanni;2
Nilda;2
Geisa;2
Cayetana;2
Yong;2
Cléo;2
Quessia;2
Avril;2
Adriele;2
Brunna;2
Léana;2
Lily;2
Aliça;2
Inès;2
Ezra;2
Rosana;2
Nice;2
Bebiana;2
Zaida;2
Rayanna;2
Kauana;2
Síria;2
Lânica;2
Marie;2
Vivian;2
Nusaiba;2
Anabel;2
Layssa;2
Emili;2
Ivânia;2
Felícia;2
Loriana;2
Djamila;2
Florbela;2
Aastha;2
Nelma;2
Karolina;2
Emilia;2
Lucía;2
Ticiana;2
Jony;1
Farzona;1
Yalanna;1
Talia;1
Laia;1
Celia;1
Vinisha;1
Seline;1
Jenna-Kelly;1
Desejada;1
Lilly;1
Taissa;1
Yohanne;1
Kimika;1
Diona;1
Ayumi;1
Míriam;1
Céline;1
Lurianny;1
Layana;1
Louana;1
Álison;1
Guilhermina;1
Tasnia;1
Anastasiya;1
Adjaymara;1
Elaynne;1
Elisianne;1
Ulainy;1
Jazmine;1
Sahla;1
Mahirah;1
Terezinha;1
Djaraye;1
Ana-Gabriela;1
Lilla;1
Clotilde;1
Djairiny;1
Evoleth;1
Mélody;1
Shanzeh;1
Pranava;1
Lirys;1
Tafida;1
Ariany;1
Zahira;1
Cléomaidi;1
Zipora;1
Keliny;1
Elmira;1
Emilena;1
Ecclesia;1
Aia;1
Kaylani;1
Raíza;1
Diara;1
Raysa;1
Diane;1
Luânia;1
Areen;1
Aureliana;1
Marieva;1
Eloane;1
Yzis;1
Sharleez;1
Joanna;1
Ruby-Ann;1
Manha;1
Maisa;1
Charlie;1
Yuxin;1
Vivianne;1
Dakshyata;1
Kyria;1
Joy;1
Jeana;1
Muzdalifah;1
Kámia;1
Ameli;1
Alayah;1
Heliany;1
Orlanda;1
Navneet;1
Nandilene;1
Kaylee;1
Dayanna;1
Antonina;1
Nyama;1
Acelya;1
Belnira;1
Oisharza;1
Djasmine;1
Watula;1
Sanda;1
Líris;1
Anise;1
Sija;1
Édera;1
Mariyah;1
Hémlly;1
Lena;1
Ediane;1
Vladiana;1
Aavya;1
Wénica;1
Duanny;1
Valeria;1
Ashia;1
Dolkar;1
Khloé;1
Djesmy;1
Ariella;1
Tamires;1
Milca;1
Kélly;1
Magalie;1
Biatris;1
Gabi;1
Waylla;1
Éris;1
Ryzane;1
Namal;1
Quione;1
Ranieli;1
Ellia;1
Simranjeet;1
Aashi;1
Amabélia;1
Mayssa;1
Noara;1
Fei;1
Noely;1
Niyusha;1
Alicía;1
Helayne;1
Eliora;1
Adji;1
Saoirse;1
Luyela;1
Riva;1
Rannyah;1
Nayamee;1
Hiron;1
Catarine;1
Kika;1
Flossie;1
Aderlyn;1
Victoire;1
Claísy;1
Nira;1
Daruina;1
Xingchen;1
Amirabonu;1
Hui;1
Ivi;1
Mihaela;1
Siya;1
Meri;1
Rut;1
Rumeyssa;1
Mariya;1
Cadidjatu;1
Emanuele;1
Ayleen;1
Yasmmin;1
Marine;1
Ranía;1
Andreea;1
Daena;1
Kaillany;1
Samiyah;1
Flaviana;1
Osvaldina;1
Keula;1
Mariáh;1
Leoneza;1
Jailza;1
Khelen;1
Violetta;1
Rozyana;1
Nahara;1
Eleutéria;1
Frantceska;1
Nalana;1
Neve;1
Yilin;1
Aluna;1
Ane;1
Ayline;1
Naimy;1
Nene;1
Helsy;1
Milen;1
Mirian;1
Aissato;1
Nassira;1
Mariluz;1
Lunah;1
Prisha;1
Veronika;1
Sargunpreet;1
Alix;1
Ludy;1
karima;1
Darena;1
Aahana;1
Naomy;1
Grishma;1
Serenna;1
Miryam;1
Elizaveta;1
Alia;1
Morgan;1
Djamily;1
Lucinda;1
Mickaela;1
Taisia;1
Shanaida;1
Jamily;1
Arisha;1
Jesuina;1
Jiniya;1
Lidiana;1
Dhriti;1
Janvi;1
Gopika;1
Heliza;1
Jodi;1
Aarvi;1
Iqra;1
Orquídea;1
Anely;1
Erina;1
sukhmanpreet;1
Wenya;1
My;1
Shamila;1
Nola;1
Kesia;1
Sama;1
Najua;1
Amarílis;1
Keillany;1
Seren;1
Guilherme;1
Hadja;1
Naynara;1
Mavy;1
Marcelina;1
Yindi;1
Marjona;1
Seliny;1
Wanessa;1
Darya;1
Alae;1
Zafirah;1
Lesliane;1
Joud;1
Nika;1
Mayanne;1
Inka;1
Tásia;1
Rakaia;1
Rana;1
Jefrina;1
Eludiesa;1
Naureen;1
kamilla;1
Shevonne;1
Angel;1
Nathaniela;1
Vyctoria;1
Himanshi;1
Isís;1
Thaissa;1
Beulah;1
Faiza;1
Leidiana;1
Alaine;1
Nuelly;1
Aayat;1
Alenia;1
Amal;1
Arlete;1
Kloeh;1
Fatumatta;1
Jiale;1
Idalina;1
Lombe;1
Gicyane;1
Lissandra;1
Marciely;1
Minu;1
Yasemin;1
Hania;1
Eduma;1
Joia;1
Ariziany;1
Rayna;1
Edite;1
Trinity;1
Mallu;1
Loraynne;1
Letizia;1
Skyla;1
Yanilda;1
Stéfany;1
Imona;1
Daphne;1
Stelviane;1
kemelly;1
Zita;1
Lucia;1
Layanah;1
Janire;1
Hasina;1
Ansu;1
Zarnish;1
Sharon;1
Dishali;1
Belinda;1
Khayla;1
Djanira;1
Deisa;1
Céuma;1
Lukénia;1
Lyla;1
Lweje;1
Abibatu;1
Dhaanvi;1
Aminata;1
Omara;1
Chesung;1
Nailah;1
Nala;1
Hyndia;1
Saloni;1
Selene;1
Leyanne;1
Gaorii;1
Aliah;1
Chanel;1
Ashera;1
Ashlley;1
Xin;1
Uriela;1
Lakiesha;1
Nadiya;1
Lubava;1
Naírah;1
Caia;1
Zainab;1
Katelyn;1
Amina;1
Valenthina;1
Yuhanna;1
Latifah;1
Nali;1
Kellen;1
Raisha;1
Ingrid;1
Docelina;1
Adália;1
Acucena;1
Dyara;1
Lou;1
Evelyna;1
Umamah;1
Nadesi;1
Udita;1
Christiane;1
Allena;1
Hazaela;1
Prveet;1
Ambar;1
Keana;1
Hoany;1
Viktória;1
Sieme;1
Marielle;1
Ari;1
Otchaly;1
Liriany;1
Thaislaine;1
Jaiane;1
Ashmyrah;1
Ashree;1
Keya;1
Mora;1
Malú;1
Bridget;1
Tabita;1
Luanna;1
Otchila;1
Ticiany;1
Pema;1
Guntash;1
Pillar;1
Jamilli;1
Maribel;1
Yanira;1
Fiyinfoluwa;1
Miracle;1
Mayla;1
Letícea;1
Elcênia;1
América;1
Skye;1
Alyce;1
Wen;1
Lisbon;1
Sia;1
Maily;1
Deepti;1
Lorine;1
Kelleny;1
Asal;1
Franciszka;1
Julyan;1
Nicoleta;1
Élla;1
Yazmin;1
Hou;1
Joselene;1
Iryna;1
Thamara;1
Maida;1
Eleanora;1
Rayhana;1
Chelsea;1
Máriyah;1
Adriana-Maria;1
Hallanna;1
Djenifer;1
Salahan;1
Eloisa;1
Otília;1
Amelie;1
Zélia;1
Weza;1
Jandira;1
Nidhi;1
Leya;1
Vianny;1
Sherry;1
Arisa;1
Joaquina;1
Cintia;1
Miriany;1
Ália;1
Betty;1
Analuz;1
Eléonor;1
Manuella;1
Jacyanie;1
Juelma;1
Lailah;1
Helikissa;1
Ianira;1
Aitana;1
Kessya;1
Nyah;1
Aarbhi;1
Taifa;1
Jeciane;1
Anika;1
Nalani;1
Abrish;1
Eloise;1
Ranya;1
Nzola;1
Wayela;1
Ani;1
Cliralda;1
Angeline;1
Emilise;1
Rhadija;1
Mailyne;1
Suellen;1
Glena;1
Meara;1
Levinda;1
Philippa;1
Jessi;1
Raysla;1
Nilsiane;1
Thaifa;1
Dilpreet;1
Iúna;1
Indianara;1
Tainá;1
Nyashia;1
Josiany;1
Edmara;1
Adel;1
Ivy;1
Jenabo;1
Rariane;1
Léna;1
Manpreet;1
Aleeya;1
Jasminy;1
Jafrin;1
Dircea;1
Jackeline;1
Weng;1
Loide;1
Kaellany;1
Adiba;1
Rayne;1
Skhushana;1
Anabelle;1
Ketura;1
Neidy;1
Kaylah;1
Chloy;1
Safiya;1
Jory;1
Orida;1
Daniella;1
Thaynara;1
Akira;1
Giseyane;1
Edianny;1
Neliany;1
Diliana;1
Roselyn;1
Gleyciane;1
Mirina;1
Consoldi;1
Naír;1
Aneliya;1
Nico;1
Ayisha;1
Adamarisa;1
Lavinha;1
Himisha;1
Dalva;1
Cleonice;1
Feral;1
Phoebe;1
Monica;1
Juciara;1
Mariyam;1
Arminda;1
Aran;1
Alíssya;1
Jaireet;1
Caterina;1
Japnoor;1
Uzen;1
Evlyn;1
Jobayda;1
Melodia;1
Aryanne;1
Jeshua;1
Kimberly;1
Elayne;1
Anjana;1
Radassa;1
Liliam;1
Rosalis;1
Kely;1
Pashupriya;1
Mirelle;1
Thayná;1
Natércia;1
Menaela;1
Anahi;1
Eveline;1
Aadhira;1
Mélissa;1
Abida;1
Alinny;1
Chayene;1
Querem;1
Isaac;1
Hildita;1
Elmara;1
Lewani;1
Arielly;1
Taniya;1
Milania;1
Clarissa;1
Raísa;1
Calini;1
Harliv;1
Louna;1
Wassindji;1
Yuet;1
Aitziber;1
Odalmis;1
Raiyat;1
Pretika;1
Athena;1
Jubaida;1
Areesha;1
Fanta;1
Ízis;1
Paôla;1
Eiman;1
Thayna;1
Lucyene;1
Emanuelle;1
Heloisa;1
Mayrah;1
Tallulah;1
Tulsi;1
Cailane;1
Ellayne;1
Jensi;1
Irinelsia;1
Nadesda;1
Navkirat;1
Cyarah;1
Yinuo;1
Fathia;1
Lanuri;1
Olinda;1
Zohra;1
Jahyna;1
Sahasi;1
Ágata;1
Djasmin;1
Chiara;1
Elis;1
Mary;1
Dounia;1
Irtika;1
Caroline;1
Allyah;1
Sabina;1
Hamida;1
Swasthani;1
Lanie;1
Mehakpreet;1
Sabrin;1
Brites;1
Iliane;1
Lucie;1
Cascade;1
Faizah;1
Bhagyashri;1
Styaneth;1
Talin;1
Maarisa;1
Elcediane;1
Rio;1
Dafne;1
Nely;1
Parthia;1
Kiame;1
Leslie;1
Luo;1
Ayshane;1
Sham;1
Anaissa;1
Stéfanie;1
Melani;1
Nawine;1
Nywami;1
Sândyla;1
Dolores;1
Ayanna;1
Neah;1
Kayala;1
Loubna;1
Wamy;1
Moa;1
Onyinyechi;1
Roska;1
Jesarela;1
Késia;1
Electra;1
Má;1
Nariane;1
Jiya;1
Adira;1
Saubhagya;1
Jordanna;1
Catiza;1
Hivana;1
Aléxis;1
Nilma;1
Sejal;1
Ayesha;1
Acácia;1
Cici;1
Layane;1
Ruzilina;1
Jamélia;1
Ismaela;1
Joyanne;1
Thayra;1
Shreshta;1
Ummehani;1
Letycia;1
Kaylany;1
Pemdu;1
Ariadne;1
Aarusha;1
Aris;1
Lénira;1
Dharmika;1
Amaya;1
Maila;1
Weicy;1
Pauleta;1
Cláussia;1
Anhais;1
Nisrine;1
Tais;1
Warisha;1
Katheryn;1
Elin;1
Constanza;1
Ummalkhair;1
Nayma;1
Aileen;1
Wenyu;1
Édith;1
Danaya;1
Yaxi;1
Aloki;1
Naylah;1
Ilisangéla;1
Eleine;1
Alaya;1
Parneet;1
Suria;1
Mishka;1
Magnólia;1
Anne;1
Keylla;1
Hargun;1
Lorenna;1
Alica;1
Cadidjato;1
Nathalia;1
Mylena;1
Keeley;1
Ayusha;1
Sónisia;1
Chiyora;1
Iva;1
Adela;1
Éden;1
Natalina;1
Diandra;1
Melania;1
Amayres;1
Lora;1
Sisa;1
Natchali;1
Ianura;1
Susan;1
Haruna;1
Saima;1
Adilene;1
Elcana;1
Badhon;1
Djeisse;1
Djulia;1
Constânça;1
Tyana;1
Amrit;1
Liora;1
Iumi;1
Zípora;1
Arícia;1
Sirine;1
Axelle;1
Stephane;1
Shirley;1
Solomiya;1
Dibya;1
Gracilandia;1
Khusbhu;1
Dirce;1
Jaavi;1
Prapti;1
Riyanna;1
Joséfa;1
Yuzlem;1
Carmelinda;1
Salijha;1
Unnati;1
Danielly;1
Luka;1
Eugénia;1
Etuwine;1
Pravani;1
Suyen;1
Varvara;1
Valery;1
Anifa;1
Nelia;1
Saliou;1
Aliette;1
Kyarah;1
Cândida;1
Anais;1
Eden;1
Abigael;1
Thalita;1
Cassia;1
Bhargavi;1
Siddhi;1
Tafseer;1
Constance;1
Julnar;1
Shukrona;1
Didiana;1
Larah;1
Kiana;1
Jordana;1
Nusrat;1
Márjory;1
Emelie;1
Nadyr;1
Lainey;1
Chefali;1
Dileine;1
Sihanna;1
Mayma;1
Diya;1
Mansirat;1
Tianna;1
Taylania;1
Mabel;1
Giana;1
Abilena;1
Grácia;1
Karine;1
Jacelma;1
Jody;1
Yannira;1
Ofélia;1
Shahrizada;1
Ruoying;1
Anaela;1
Isobel;1
Kayleigh;1
Aarushi;1
Yeva;1
Lexi;1
Nasya;1
Heloimne;1
Meiline;1
Agrika;1
Nabintou;1
Haniella;1
Thérèse;1
Le;1
Kaella;1
Yandra;1
Thaiza;1
Damaris;1
Wisal;1
Apassara;1
Alaa;1
Nuira;1
Eulália;1
Sunny;1
Elizabete;1
Kushali;1
Ellie-Mai;1
Genabú;1
Aylin;1
Melyssa;1
Imren;1
Dhyani;1
María;1
Liv;1
Ilisha;1
Carole;1
Louise;1
Annali;1
Marianna;1
Ran;1
Lausiane;1
Elia;1
Thalia;1
Éliva;1
Falak;1
Leonara;1
Oyhole;1
Khushali;1
Inaia;1
Nuriya;1
Keylani;1
Azucena;1
Ivna;1
Elora;1
Miris;1
Wanita;1
Suasileiny;1
Marcheline;1
Gurnaz;1
Eufrásia;1
Adah;1
Leela;1
Mari;1
Jeevika;1
Aysla;1
Edmeicy;1
Sanbi;1
Allisha;1
Sehajpreet;1
Chidinma;1
Estera;1
Xinyan;1
Makaela;1
Ezmae-Rose;1
Preeyancy;1
Deyna;1
Ticiane;1
Fleur;1
Ayani;1
Dhanishka;1
Rehmat;1
Alanna;1
Ashna;1
Emaly;1
Fabrícia;1
Neymara;1
Jossivana;1
Solomia;1
Biansa;1
Lénia;1
Néria;1
Ridhampreet;1
Atalia;1
Jaanvi;1
June;1
Boni;1
Katherine;1
Kateline;1
Kênia;1
Sandrine;1
Cristele;1
Aima;1
Macrina;1
Dhara;1
Kynara;1
Nerea;1
Mardaia;1
Medeea;1
Serenella;1
Jannie;1
Suhana;1
Lingel;1
Elohim;1
Oliciana;1
Jucilda;1
Loujain;1
Eloine;1
Lili;1
Anastasiia;1
khloe;1
Savrina;1
Edzel;1
Nectaria;1
Aidie;1
Yoanna;1
Âmbar;1
Subera;1
Matias;1
Sarayma;1
Nimrat;1
Lilia;1
Aniya;1
Yásmine;1
Douce;1
Peace;1
Felisberta;1
Lorraine;1
Deolinda;1
Enaya;1
Jeyza;1
Kiene;1
Annya;1
Anandy;1
Hadassah;1
Nadja;1
Theresa;1
Isamara;1
Aryanna;1
Suzana;1
Johnsiany;1
Kaellyn;1
Maryana;1
Karoline;1
Alanis;1
Marvarid;1
Casiana;1
Lays;1
Vénus;1
Belém;1
Yassmin;1
Jayceline;1
Léonor;1
Fatúmata;1
Xuan;1
Désirée;1
Nahery;1
Daliana;1
Riddhi;1
Kiari;1
Ineji;1
Dhrisha;1
Frida;1
Sargun;1
Nia;1
Anabia;1
Armanda;1
Delise;1
Malena;1
Lidiane;1
Milan;1
Kathleen;1
Natalie;1
Taraa;1
Yiting;1
Laurene;1
Alisha;1
Israe;1
Fatou;1
Alisa;1
Zarina;1
Melanye;1
Anaïs;1
Kaviya;1
Edumara;1
Gurleen;1
Izïa;1
Miman;1
Enya;1
Princee;1
Neriah;1
Marvelous;1
Jerelis;1
Chayenne;1
Aila;1
Mariame;1
Samarah;1
Prioska;1
Nayana;1
Yanilcia;1
Emmily;1
Natanaela;1
Telany;1
Quila;1
Gargee;1
Aafiya;1
Jásmine;1
Tchissola;1
Lweji;1
Alejandra;1
Eleanor;1
Imabel;1
íris;1
Aiko;1
Sivana;1
Ananya;1
Dalia;1
Madelyn;1
Aycíla;1
Sandrina;1
Elvi;1
Simcha;1
Tia;1
Vinícia;1
Selma;1
Niriane;1
Claúdia;1
Noha;1
Zeya;1
Kira;1
Victory;1
Kazandra;1
Olimpia;1
Romina;1
Tchayene;1
Leydiana;1
Cleidiane;1
Ellana;1
Hylena;1
Nauitche;1
Ligia;1
Gilciane;1
Ahlam;1
Summer;1
Emillie;1
Gláucia;1
Julie;1
Kateryna;1
Daira;1
Jeannette;1
Mehjabin;1
Alánis;1
Manseerat;1
Jamila;1
Kristina;1
Lucymira;1
Nydia;1
Ley;1
Bisman;1
Daina;1
Amie;1
Nayir;1
Domingas;1
Anwita;1
Loryane;1
Ranyelle;1
Pandora;1
Geovana;1
Princy;1
Brienny;1
Ziying;1
Kayah;1
Anisa;1
Hadnna;1
Kyra;1
Mila-Jade;1
Mayeli;1
Ruthy;1
Oluwatolamise;1
Thaíssa;1
Humaira;1
Belvea;1
Nalin;1
Xiwen;1
Imaculada;1
Indie;1
Laciara;1
Maltide;1
Laetitia;1
Tazmeen;1
Chayyliel;1
Elisabethe;1
Nurya;1
Ianina;1
Esperanza;1
Ziai;1
Simina;1
Amaris;1
Lice;1
Blake;1
Heidi;1
Luanny;1
Jociely;1
Nilza;1
Celine;1
Jaqueline;1
Sania;1
Thainá;1
Darcy;1
Vanilla;1
Aiza;1
Alanya;1
Jeiza;1
Kayra;1
Ivania;1
Chaiene;1
Nycole;1
Malak;1
Neima;1
Bryana;1
Yanah;1
Tajem;1
Penda;1
Teya;1
Mikiphung;1
Ivlin;1
Florence;1
Djenyffer;1
Miramar;1
Ussulayne;1
Edera;1
Raiane;1
Leili;1
Chenxi;1
Alyssia;1
Tainara;1
Hellena;1
Shaan;1
Tawhida;1
Juxaline;1
Aua;1
Meyrine;1
Mariela;1
Iracema;1
Elli;1
Djenabu;1
Elisângela;1
Hélène;1
Kwayela;1
Marly;1
Jannatul;1
Cinthya;1
Pamela;1
Edsana;1
Priyancy;1
Wilma;1
Ayaat;1
Nelissa;1
Simrah;1
Suriel;1
Áryan;1
Krisha;1
Paty;1
Tissiane;1
Kaylla;1
Sin;1
Kyasme;1
Taiba;1
Lovyusa;1
Keren-Hapuc;1
Aditi;1
Dircy;1
YANA;1
Kaissy;1
Tchinossole;1
Aayushi;1
Hermínia;1
Sarina;1
Tahyra;1
Tyesha;1
Mei;1
Deepnoor;1
Milla;1
Maria-Florentina;1
Claire;1
Bimisha;1
An;1
Delilah;1
Supreet;1
Luara;1
Iasmina;1
Eila;1
Vishakha;1
Amuza;1
Maryjane;1
Lizania;1
Zoya;1
Aroob;1
Hazal;1
Nafisa;1
Aliza;1
Orelma;1
Quratulain;1
Yoana;1
Shafiya;1
Hang;1
Sãozinha;1
Chupriya;1
Lavinya;1
Ileana-Mary;1
Elienai;1
Gursharan;1
Itiel;1
Julcineide;1
Raïsa;1
Johanna;1
Leonela;1
Kâmi;1
Queen;1
Alécia;1
Tamila;1
Aadilah;1
Robin;1
Kellyne;1
Juana;1
Nila;1
Emah;1
Madaleyne;1
Mati;1
Guida;1
Jussana;1
Yavika;1
Mohanna;1
Elissa;1
Xinyao;1
Thaiba;1
Afna;1
Anísia;1
Aliane;1
Miriã;1
Wilka;1
Kanza;1
Virginia;1
Eleane;1
Clairmi;1
Evanilda;1
Pushti;1
Etienny;1
Vitalina;1
Lile;1
Thandie;1
Radyja;1
Eliseba;1
Sumaia;1
Krishna;1
Mantima;1
Ima;1
Simona;1
Linnéa;1
Rubina;1
Youna;1
Ilena;1
Arianna;1
Milenna;1
Ayana;1
MATILDE;1
Etiandra;1
Nirdha;1
Maskura;1
Niharika;1
Samina;1
Zenilda;1
Prisma;1
Skylar;1
Lucília;1
Yura;1
Kavya;1
Silviana;1
Gabryella;1
Otchally;1
Alaia;1
Stefanie;1
Jamira;1
Ruxanda;1
Geanina;1
Narcisa;1
Chantal;1
Valpuri;1
Neide;1
Dannyelle;1
Priyanshi;1
Emanuella;1
Evelin;1
Preciosa;1
Emíliia;1
Mahzabeen;1
Ledice;1
Nayole;1
Thaylla;1
Maryam;1
Judinela;1
Caren;1
Clarian;1
Suvechya;1
Elianna;1
Leone;1
Klementina;1
Chioma;1
Úrsula;1
Iymona;1
Larisa;1
Dainora;1
Quezia;1
Ivete;1
Elsiane;1
Thianna;1
Vicky;1
Odile;1
Liyana;1
Naila;1
May;1
Zafira;1
Afrodith;1
Nayr;1
Aarohi;1
Stefka;1
Warassy;1
Israela;1
Zi;1
Octávia;1
Ayhnara;1
Fabiane;1
Lyane;1
Ela;1
Laíse;1
Kadiatou;1
Alayna;1
Virgínia;1
Gursirat;1
Aizel;1
Roopleen;1
Azmina;1
Brigite;1
Liza;1
Lila;1
Nityashree;1
Enaíla;1
Janira;1
Chandércia;1
Evren;1
Lumi;1
Farnaz;1
Nora;1
Yarin;1
Auzenda;1
Haylinne;1
Thaynná;1
Inaaya;1
Lícia;1
Rand;1
Camu;1
Rainhasha;1
Uomou;1
Mallú;1
Mahjavin;1
Nikole;1
Kidyami;1
Georgete;1
Hajra;1
Éyanne;1
Jesika;1
Natalia;1
Adora;1
Garime;1
Mansoon;1
Ehma;1
Aliseti;1
Astrid;1
Bhavjot;1
Chrisdianne;1
Ohara;1
Yage;1
Waline;1
Abby;1
Jasseerat;1
Naima;1
Jhuly;1
Elícia;1
Kandes;1
Loredana;1
Yulana;1
Raelli;1
Natenán;1
Hadasa;1
Maitreyee;1
Aísha;1
Aaribah;1
Stacy;1
Evali;1
Marlise;1
Carrem;1
Carmela;1
Suleima;1
karina;1
Aalijah;1
Megan;1
Zasira;1
Ilis;1
Assiyah;1
Kadiatu;1
Odilia;1
Aroseveer;1
Bibiana;1
Océane;1
Kesiah;1
Yohana;1
Shaina;1
Rawanne;1
Heidilana;1
Niltânia;1
Aléssia;1
Martha;1
Líria;1
Caroliny;1
Adriella;1
Pearl;1
Eileen;1
Nomi;1
Zaairah;1
Mailly;1
Camille;1
Japasneet;1
Jessiane;1
Yummi;1
Elainne;1
Adriely;1
Athália;1
Lauryn;1
Sthefany;1
Anabiya;1
Selmília;1
Lourença;1
Kimmy;1
Yamy;1
Shreya;1
Aelis;1
Otisha;1
Beatrice;1
Elisete;1
Elisama;1
Calina;1
Ravneet;1
Edyane;1
Kehlani;1
Sana;1
Ayssa;1
Preet;1
Vanusa;1
Gislene;1
Milucy;1
Wissal;1
Clémentine;1
Deiane;1
Yusineth;1
Jasline;1
Elinaria;1
Aninha;1
Nayol;1
Rhythm;1
Charlize;1
Khiana;1
Micaella;1
Eliska;1
Xenia;1
Dayara;1
Alisyn;1
Lyra;1
Tamarta;1
Imani;1
Yarely;1
Tamay;1
Hélia;1
Yangzom;1
Arshvir;1
Di;1
Geórgia;1
Otélia;1
Cattleya;1
Vívian;1
Aryela;1
Iman;1
Scarlet;1
Aarya;1
Alyne;1
Bani;1
Érika;1
Nery;1
Hassanatosó;1
Lindsay;1
Ankita;1
Leeann;1
Ernestina;1
Gininha;1
Kauane;1
Swadhi;1
Bernardina;1
Melana;1
Purnima;1
Eugenia;1
Kaila;1
Faroumara;1
Priscilla;1
Yulihanny;1
Makayla;1
Índia;1
Jenna;1
Graziela;1
Parinaaz;1
Laiyanne;1
Luany;1
Ermelinda;1
Catherine;1
Afra;1
Lukeny;1
Záia;1
Adhele;1
Dayany;1
Benilde;1
Harsirat;1
Dristi;1
Cidiana;1
Liany;1
Geiza;1
Ekaterina;1
Haylla;1
Mayza;1
Maimunatu;1